Protocol,Projects,Total_Acres,Total_CUs,Total_Revenue,Total_Costs,Net_Revenue
GS,41,410000,1296900.0,61216631.26230859,760035.0,60456596.26230859
ACR/CAR/VERRA,41,410000,1037700.0,48977223.40288502,721155.0,48256068.40288502
ISO,41,410000,973000.0,45924905.77505216,711450.0,45213455.77505216
